Category,Question,Answer
"Admissions","What is Avanthi Institute of Engineering & Technology?","Avanthi Institute of Engineering & Technology (AIET) is a premier engineering institution established under the Avanthi Educational Society. The institute offers quality technical education, modern infrastructure, experienced faculty, and industry-oriented training to prepare students for successful careers."
"Contact & Campus Life","Where is Avanthi Institute of Engineering & Technology located?","The Andhra Pradesh campus is located at Cherukupalli Village, Boghapuram Mandal, near Tagarapuvalasa Bridge in Vizianagaram District. The Telangana campus is located at Abdullahpurmet, near Ramoji Film City, Hyderabad."
"Admissions","Is Avanthi Institute of Engineering & Technology approved by AICTE?","Yes. Avanthi Institute of Engineering & Technology is approved by the All India Council for Technical Education (AICTE) and is affiliated with the respective Jawaharlal Nehru Technological University (JNTU) based on the campus location."
"Admissions","Which university is the college affiliated with?","The Andhra Pradesh campus is affiliated with JNTU-GV Vizianagaram/JNTU Kakinada, while the Hyderabad campus is affiliated with JNTU Hyderabad."
"Admissions","What is the EAPCET (EAMCET) college code?","The Andhra Pradesh campus uses the AP EAPCET counselling code AVEV. Students applying through Telangana should refer to the latest TS EAMCET counselling portal for the Hyderabad campus code."
"Contact & Campus Life","How can I contact the college?","Students and parents can contact the admissions office using the official phone numbers available on the college website or visit the campus directly. Official contact details are regularly updated on the college's website."
"Admissions","How can I get admission to Avanthi Institute of Engineering & Technology?","Admission to B.Tech programs is primarily through AP EAPCET or TS EAMCET counselling, depending on the campus. Students must participate in counselling, select the college, complete document verification, and pay the prescribed fees to confirm admission."
"Admissions","What is the eligibility criteria for B.Tech admission?","Candidates must have completed Intermediate (10+2) with Mathematics, Physics, and Chemistry and meet the eligibility requirements specified by the respective state counselling authority."
"Admissions","What documents are required during admission?","Students should submit their 10th and Intermediate marks memos, Transfer Certificate, EAPCET rank card, hall ticket, Aadhaar card, passport-size photographs, and any applicable caste or income certificates during admission."
"Admissions","Are management quota seats available?","Yes. A limited number of management quota seats are available based on eligibility and seat availability. Interested candidates should contact the admissions office for detailed information."
"Admissions","Is lateral entry available for diploma students?","Yes. Diploma holders can join the second year of B.Tech through ECET or TS ECET counselling, subject to government and university regulations."
"Admissions","Which entrance examinations are accepted?","The institute accepts AP EAPCET or TS EAMCET for B.Tech admissions. PGECET, GATE, and ICET scores are accepted for eligible postgraduate programs, depending on the course."
"Courses","What B.Tech branches are offered?","The institute offers Computer Science & Engineering (CSE), CSE–Artificial Intelligence & Machine Learning, CSE–Data Science, Electronics & Communication Engineering (ECE), Electrical & Electronics Engineering (EEE), Mechanical Engineering, Civil Engineering, and Agricultural Engineering, depending on the campus."
"Courses","Does the college offer M.Tech programs?","Yes. The institute offers M.Tech programs in selected specializations such as Computer Science & Engineering, VLSI Design, Power Electronics, CAD/CAM, and other approved disciplines."
"Courses","Does the college offer MBA and MCA programs?","Yes. MBA and MCA programs are available at selected campuses, providing students with opportunities for higher education in management and computer applications."
"Courses","Are diploma courses available?","Yes. Selected campuses offer diploma programs in engineering disciplines such as Mechanical Engineering, Electrical & Electronics Engineering, and Electronics & Communication Engineering."
"Fees & Scholarships","What is the fee structure for B.Tech programs?","The tuition fee is determined by the respective State Fee Regulatory Authority and may vary each academic year. Students are advised to contact the admissions office or visit the official website for the latest fee details."
"Fees & Scholarships","Are hostel and transport fees charged separately?","Yes. Hostel accommodation, transportation, examination fees, and other applicable charges are collected separately from the tuition fee."
"Fees & Scholarships","What scholarships are available for students?","Eligible students may apply for government scholarship and fee reimbursement schemes, including SC, ST, BC, Minority, Economically Weaker Sections (EWS), and other applicable state-sponsored programs."
"Fees & Scholarships","Does the college assist students with scholarship applications?","Yes. The college administration assists eligible students in completing scholarship applications, document verification, and fee reimbursement procedures."
"Placements","Does the college provide placement opportunities?","Yes. The Training and Placement Cell organizes campus recruitment drives, placement training, career guidance, and skill development programs to improve students' employment opportunities."
"Placements","What is the highest placement package offered?","According to recent placement records, the highest package offered to students has reached 14 LPA, depending on the recruiting company and academic year."
"Placements","What is the average placement package?","The average annual package generally ranges between 3 LPA and 4.5 LPA, depending on the student's branch, skills, and recruitment season."
"Placements","Which companies recruit students from Avanthi?","Leading recruiters include TCS, Infosys, IBM, Accenture, Capgemini, Tech Mahindra, Wipro, HCL, Dell, ICICI Bank, GE, and several other IT, manufacturing, and core engineering organizations."
"Placements","Does the college provide internship opportunities?","Yes. The Training and Placement Cell encourages students to participate in internships, industrial training, live projects, and industry collaborations to gain practical experience before graduation."
"Campus & Facilities","How is the campus environment at Avanthi Institute of Engineering & Technology?","The campus provides a peaceful, student-friendly learning environment with spacious academic buildings, modern laboratories, green surroundings, and facilities that support both academic and personal development."
"Campus & Facilities","What laboratory facilities are available?","Each department has well-equipped laboratories designed to provide practical learning experiences. These include computer labs, electronics labs, electrical machine labs, mechanical workshops, and specialized laboratories based on the respective engineering disciplines."
"Campus & Facilities","Does the college have a library?","Yes. The college has a well-stocked central library with textbooks, reference books, technical journals, previous question papers, project reports, and access to digital learning resources."
"Campus & Facilities","Is Wi-Fi available on campus?","Yes. Wi-Fi connectivity is available in academic areas, allowing students to access online learning resources, research materials, and educational platforms."
"Contact & Campus Life","Does the college encourage sports and extracurricular activities?","Yes. The college actively encourages students to participate in sports, cultural programs, technical competitions, workshops, seminars, and other extracurricular activities to promote overall personality development."
"Hostel & Dining","Does the college provide hostel facilities?","Yes. Separate hostel facilities are available for boys and girls, offering comfortable accommodation along with essential amenities to support student life."
"Hostel & Dining","Are separate hostels available for boys and girls?","Yes. Separate and secure hostel accommodations are provided for male and female students under the supervision of experienced wardens."
"Hostel & Dining","Is hostel accommodation compulsory?","No. Hostel accommodation is optional. Students may choose to stay in the hostel or commute daily as day scholars."
"Hostel & Dining","Is there a canteen on campus?","Yes. The campus has a hygienic canteen that serves snacks, beverages, and meals for both hostel residents and day scholars."
"Contact & Campus Life","What student clubs are available?","The college encourages participation in various student clubs, including coding, robotics, innovation, cultural, literary, music, dance, and technical clubs to help students develop their interests and leadership skills."
"Contact & Campus Life","Are technical and cultural festivals conducted?","Yes. The college organizes annual technical symposiums, cultural festivals, workshops, project exhibitions, hackathons, and competitions that encourage innovation and teamwork."
"Contact & Campus Life","Does the college have NSS or NCC?","Yes. The college encourages students to participate in National Service Scheme (NSS) activities and other community outreach programs. Availability of NCC may vary based on campus and government approvals."
"Placements","Does the college provide communication and soft skills training?","Yes. Students receive regular training in communication skills, aptitude, logical reasoning, group discussions, interview techniques, resume preparation, and personality development to improve employability."
"Courses","How is the academic schedule organized?","The academic calendar follows the guidelines of the affiliated JNTU university and includes regular classroom instruction, laboratory sessions, internal assessments, semester examinations, and project work."
"Courses","How many internal examinations are conducted?","Internal examinations and unit tests are conducted periodically during each semester to evaluate students' academic progress before the university examinations."
"Courses","What are the attendance requirements?","Students are expected to maintain the minimum attendance percentage prescribed by the affiliated university, generally around 75%, to be eligible for semester examinations."
"Courses","Does the college provide academic support for weak students?","Yes. Departments organize remedial classes, doubt clarification sessions, revision programs, and faculty mentoring to help students improve their academic performance."
"Contact & Campus Life","Does the college provide transportation facilities?","Yes. College buses operate on various routes connecting nearby towns and cities, providing safe and convenient transportation for students and staff."
"Contact & Campus Life","Is the college easily accessible from nearby cities?","Yes. The Andhra Pradesh campus is located near Tagarapuvalasa Bridge on the Visakhapatnam–Vizianagaram Highway, while the Hyderabad campus is situated near Ramoji Film City with convenient road connectivity and public transportation."
"Contact & Campus Life","How can students contact the college for more information?","Students and parents can contact the admissions office through official phone numbers, email, or the college website. They may also visit the campus directly during working hours for assistance."
"Contact & Campus Life","Does the college have an anti-ragging policy?","Yes. The college follows a strict anti-ragging policy in accordance with AICTE and government regulations. Ragging in any form is strictly prohibited, and appropriate disciplinary action is taken against violations."
"Contact & Campus Life","Is there a grievance redressal system for students?","Yes. The college has a grievance redressal mechanism that allows students to report academic, administrative, or personal concerns. Complaints are handled confidentially and addressed through the appropriate committees."
"Placements","Does the college provide career guidance?","Yes. Faculty members and the Training and Placement Cell provide career guidance, higher education counseling, competitive examination support, and placement assistance to help students plan their future careers."
"Admissions","Why should I choose Avanthi Institute of Engineering & Technology?","Avanthi Institute of Engineering & Technology offers quality education, experienced faculty, modern laboratories, industry-focused training, placement assistance, scholarship guidance, and opportunities for academic and personal growth in a supportive learning environment."
"Admissions","Where can I find the latest admission and college updates?","The latest information regarding admissions, examinations, scholarships, placements, events, and important announcements is available on the official college website and through the college's authorized communication channels."
"Campus & Facilities","Does the college have smart classrooms?","Yes. The college provides well-equipped classrooms with modern teaching aids to support interactive and effective learning."
"Campus & Facilities","Is there medical assistance available on campus?","Basic medical assistance and first-aid facilities are available on campus. Students can also access nearby hospitals in case of emergencies."
"Campus & Facilities","Does the campus have CCTV surveillance?","Yes. Important areas of the campus are monitored through CCTV cameras to help maintain safety and security."
"Campus & Facilities","Is parking available for students?","Yes. The college provides designated parking areas for students and staff who commute using personal vehicles."
"Campus & Facilities","Are classrooms equipped with projectors?","Yes. Many classrooms and seminar halls are equipped with projectors and audio-visual facilities to enhance teaching and presentations."
"Courses","What is the medium of instruction?","English is the primary medium of instruction for all academic programs."
"Courses","Are bridge courses conducted for first-year students?","Yes. Bridge courses are organized to help first-year students strengthen their fundamentals before starting the regular curriculum."
"Courses","Does the college conduct industrial visits?","Yes. Departments regularly organize industrial visits to provide practical exposure and help students understand real-world engineering practices."
"Courses","Are guest lectures conducted by industry experts?","Yes. The college frequently invites industry professionals and academic experts to deliver guest lectures, workshops, and technical sessions."
"Courses","Can students participate in research projects?","Yes. Students are encouraged to participate in research activities, mini-projects, and major projects under faculty guidance."
"Placements","Does the college provide coding training?","Yes. Coding practice sessions, programming workshops, and technical training are conducted to improve students' software development skills."
"Placements","Are resume-building sessions conducted?","Yes. The Training and Placement Cell conducts resume-writing workshops to help students prepare professional resumes for placements."
"Placements","Does the college provide mock interviews?","Yes. Mock interviews and group discussion sessions are organized to improve students' confidence and interview performance."
"Placements","Are communication skills part of the curriculum?","Yes. Communication skills, aptitude training, and personality development programs are integrated into the placement preparation process."
"Placements","Can students receive career guidance?","Yes. Faculty members and the Training and Placement Cell provide career guidance for higher studies, placements, and competitive examinations."
"Contact & Campus Life","Does the college issue bonafide and study certificates?","Yes. Students can request bonafide, study, and other official certificates through the administrative office."
"Contact & Campus Life","How can students apply for a Transfer Certificate (TC)?","Yes. Students can apply for a Transfer Certificate by submitting the required application and completing the necessary clearance process through the administration."
"Contact & Campus Life","Can students update their personal information after admission?","Yes. Students can request updates to eligible personal information by submitting valid supporting documents to the college administration."
"Courses","Is academic counseling available?","Yes. Faculty mentors provide academic guidance and support to help students achieve their educational goals."
"Courses","How can students check their examination results?","Students can check their examination results through the respective JNTU university results portal when they are officially published."
"Courses","What should a student do if they miss an internal examination?","Students should immediately inform their department and follow the college guidelines regarding missed internal examinations."
"Courses","Can students apply for revaluation after university exams?","Yes. Eligible students can apply for revaluation or recounting as per the procedures announced by the affiliated university."
"Courses","How are laboratory examinations conducted?","Laboratory examinations include practical assessments, record evaluation, viva-voce, and performance during the practical session."
"Campus & Facilities","Can students borrow books from the library?","Yes. Students can borrow library books according to the borrowing rules and return them within the specified due date."
"Campus & Facilities","Does the library provide previous question papers?","Yes. The library maintains previous question papers and academic reference materials for student use."
"Campus & Facilities","Are digital learning resources available?","Yes. Students can access digital learning resources, online journals, e-books, and educational platforms through the library."
"Hostel & Dining","Is Wi-Fi available in the hostel?","Hostel facilities may include internet access for academic use, subject to hostel policies and availability."
"Hostel & Dining","Are visitors allowed in the hostel?","Visitor access is regulated according to hostel rules to ensure the safety and privacy of all residents."
"Hostel & Dining","Is hostel security available throughout the day?","Yes. Hostel premises are supervised by wardens and supported by security measures to maintain a safe environment."
"Contact & Campus Life","How can students apply for the college bus service?","Students can apply for transportation during admission or by contacting the transport office for available routes and schedules."
"Contact & Campus Life","Are bus routes available from nearby towns?","Yes. The college operates transportation services on selected routes connecting nearby towns and surrounding areas."
"Courses","Does the college focus on practical learning?","Yes. The curriculum emphasizes practical learning through laboratory sessions, workshops, industrial visits, internships, and project-based activities."
"Contact & Campus Life","Does the college encourage innovation and entrepreneurship?","Yes. Students are encouraged to participate in innovation activities, technical competitions, and entrepreneurship programs that promote creativity and problem-solving skills."
"Contact & Campus Life","Can parents contact the college regarding student progress?","Yes. Parents may contact the respective department or administration to discuss academic progress, attendance, and other student-related matters."
"Admissions","Where can I find the latest announcements from the college?","The latest announcements, admission notifications, examination updates, and important notices are published on the official college website and through official communication channels."
